season,week,matchup,proj_margin,spread_line,actual_margin,spread_result,spread_conf,proj_total,total_line,actual_total,total_result,total_conf
2024,1,BAL@KC,2.4,3.0,7.0,no_bet,,46.5,46.0,47.0,no_bet,
2024,1,GB@PHI,-1.0,2.0,5.0,loss,strong,51.9,49.5,63.0,win,lean
2024,1,PIT@ATL,-1.4,4.0,-8.0,win,strong,43.4,43.0,28.0,no_bet,
2024,1,ARI@BUF,16.0,6.5,6.0,loss,strong,48.5,46.0,62.0,win,strong
2024,1,TEN@CHI,-0.9,4.0,7.0,loss,strong,44.3,43.0,41.0,loss,lean
2024,1,NE@CIN,1.9,8.0,-6.0,win,strong,41.7,40.5,26.0,loss,lean
2024,1,HOU@IND,3.8,-3.0,-2.0,win,strong,43.6,49.0,56.0,loss,strong
2024,1,JAX@MIA,7.0,3.5,3.0,loss,strong,47.1,49.5,37.0,win,lean
2024,1,CAR@NO,13.2,3.5,37.0,win,strong,39.8,41.5,57.0,loss,lean
2024,1,MIN@NYG,-3.3,-1.0,-22.0,win,lean,41.5,42.5,34.0,win,lean
2024,1,LV@LAC,1.4,3.0,12.0,loss,lean,44.4,41.0,32.0,loss,strong
2024,1,DEN@SEA,2.2,6.5,6.0,win,strong,46.2,42.0,46.0,win,strong
2024,1,DAL@CLE,-6.5,2.5,-16.0,win,strong,42.8,42.0,50.0,no_bet,
2024,1,WAS@TB,12.8,4.0,17.0,win,strong,43.4,42.0,57.0,win,lean
2024,1,LA@DET,1.4,5.0,6.0,loss,strong,47.9,54.0,46.0,win,strong
2024,1,NYJ@SF,20.7,3.5,13.0,win,strong,42.0,43.0,51.0,loss,lean
2024,2,BUF@MIA,-3.3,2.5,-21.0,win,strong,49.6,48.5,41.0,loss,lean
2024,2,LV@BAL,9.3,9.0,-3.0,no_bet,,44.2,41.0,49.0,win,strong
2024,2,LAC@CAR,-7.4,-5.0,-23.0,win,lean,40.6,39.0,29.0,loss,lean
2024,2,NO@DAL,2.7,6.5,-25.0,win,strong,42.1,47.0,63.0,loss,strong
2024,2,TB@DET,-2.1,7.5,-4.0,win,strong,49.7,51.5,36.0,win,lean
2024,2,IND@GB,6.9,-3.0,6.0,win,strong,49.8,41.5,26.0,loss,strong
2024,2,CLE@JAX,-0.1,3.0,-5.0,win,strong,41.0,41.5,31.0,no_bet,
2024,2,SF@MIN,-8.7,-4.5,6.0,loss,strong,47.7,46.5,40.0,loss,lean
2024,2,SEA@NE,0.8,-3.5,-3.0,win,strong,41.4,39.0,43.0,win,lean
2024,2,NYJ@TEN,9.0,-3.5,-7.0,loss,strong,38.9,41.5,41.0,win,strong
2024,2,NYG@WAS,2.1,1.5,3.0,no_bet,,42.3,42.5,39.0,no_bet,
2024,2,LA@ARI,-5.0,-1.0,31.0,loss,strong,46.2,47.5,51.0,loss,lean
2024,2,PIT@DEN,-2.8,-3.0,-7.0,no_bet,,41.0,36.5,19.0,loss,strong
2024,2,CIN@KC,9.1,6.5,1.0,loss,strong,48.5,47.5,51.0,win,lean
2024,2,CHI@HOU,3.7,6.0,6.0,push,lean,42.0,45.5,32.0,win,strong
2024,2,ATL@PHI,7.2,5.5,-1.0,loss,lean,47.0,46.5,43.0,no_bet,
2024,3,NE@NYJ,-3.0,6.5,21.0,loss,strong,35.5,39.0,27.0,win,strong
2024,3,NYG@CLE,8.7,6.5,-6.0,loss,lean,39.4,38.0,36.0,loss,lean
2024,3,CHI@IND,3.2,1.5,5.0,win,lean,42.4,43.0,37.0,no_bet,
2024,3,HOU@MIN,3.7,-2.0,27.0,win,strong,42.4,46.0,41.0,win,strong
2024,3,PHI@NO,11.5,2.5,-3.0,loss,strong,46.7,49.0,27.0,win,lean
2024,3,LAC@PIT,2.7,3.0,10.0,no_bet,,40.8,36.0,30.0,loss,strong
2024,3,DEN@TB,9.9,6.0,-19.0,loss,strong,43.5,40.5,33.0,loss,strong
2024,3,GB@TEN,-4.3,3.0,-16.0,win,strong,49.2,37.0,44.0,win,strong
2024,3,CAR@LV,10.2,5.5,-14.0,loss,strong,39.4,40.0,58.0,no_bet,
2024,3,MIA@SEA,1.3,4.0,21.0,loss,strong,47.9,41.5,27.0,loss,strong
2024,3,DET@ARI,-1.0,-3.0,-7.0,loss,lean,50.2,51.5,33.0,win,lean
2024,3,BAL@DAL,2.8,-1.5,-3.0,loss,strong,46.1,47.5,53.0,loss,lean
2024,3,SF@LA,-9.9,-6.0,3.0,loss,strong,47.8,44.5,51.0,win,strong
2024,3,KC@ATL,-6.5,-3.0,-5.0,win,strong,46.0,46.0,39.0,no_bet,
2024,3,JAX@BUF,14.8,4.0,37.0,win,strong,47.2,46.5,57.0,no_bet,
2024,3,WAS@CIN,6.4,7.5,-5.0,win,lean,47.2,46.0,71.0,win,lean
2024,4,DAL@NYG,-5.2,-5.5,-5.0,no_bet,,43.5,45.0,35.0,win,lean
2024,4,NO@ATL,-9.9,2.5,2.0,win,strong,42.8,41.5,50.0,win,lean
2024,4,CIN@CAR,-5.9,-4.5,-10.0,win,lean,44.8,47.0,58.0,loss,lean
2024,4,LA@CHI,2.0,3.0,6.0,loss,lean,42.1,40.0,42.0,win,lean
2024,4,MIN@GB,6.2,2.5,-2.0,loss,strong,47.3,44.0,60.0,win,strong
2024,4,JAX@HOU,3.4,5.5,4.0,win,lean,44.2,44.5,44.0,no_bet,
2024,4,PIT@IND,-3.3,-2.5,3.0,no_bet,,41.9,40.0,51.0,win,lean
2024,4,DEN@NYJ,1.0,7.5,-1.0,win,strong,38.2,39.5,19.0,win,lean
2024,4,PHI@TB,3.5,-1.0,17.0,win,strong,47.6,42.0,49.0,win,strong
2024,4,WAS@ARI,2.7,3.5,-28.0,no_bet,,48.9,49.0,56.0,no_bet,
2024,4,NE@SF,15.4,10.5,17.0,win,strong,44.4,41.5,43.0,win,strong
2024,4,KC@LAC,-2.6,-7.5,-7.0,win,strong,44.8,41.5,27.0,loss,strong
2024,4,CLE@LV,-1.4,-2.5,4.0,win,lean,39.9,36.5,36.0,loss,strong
2024,4,BUF@BAL,-4.8,2.5,25.0,loss,strong,49.2,46.5,45.0,loss,strong
2024,4,TEN@MIA,3.3,2.5,-19.0,no_bet,,44.4,37.0,43.0,win,strong
2024,4,SEA@DET,2.6,3.5,13.0,no_bet,,47.9,46.5,71.0,win,lean
2024,5,TB@ATL,-5.1,2.5,6.0,loss,strong,44.9,44.0,66.0,no_bet,
2024,5,NYJ@MIN,6.1,2.5,6.0,win,strong,38.4,42.0,40.0,win,strong
2024,5,CAR@CHI,8.9,4.0,26.0,win,strong,38.9,40.0,46.0,loss,lean
2024,5,BAL@CIN,-3.4,-2.5,-3.0,no_bet,,49.7,48.5,79.0,win,lean
2024,5,BUF@HOU,-9.4,1.0,3.0,loss,strong,47.2,48.0,43.0,no_bet,
2024,5,IND@JAX,-0.7,3.5,3.0,win,strong,45.7,45.0,71.0,no_bet,
2024,5,MIA@NE,-1.5,-2.0,-5.0,no_bet,,39.6,37.0,25.0,loss,strong
2024,5,CLE@WAS,0.5,3.0,21.0,loss,strong,43.5,44.0,47.0,no_bet,
2024,5,LV@DEN,3.3,3.0,16.0,no_bet,,41.1,36.0,52.0,win,strong
2024,5,ARI@SF,17.5,7.0,-1.0,loss,strong,49.3,48.5,47.0,no_bet,
2024,5,GB@LA,-5.3,-3.0,-5.0,win,lean,49.5,49.5,43.0,no_bet,
2024,5,NYG@SEA,6.8,7.0,-9.0,no_bet,,43.8,42.5,49.0,win,lean
2024,5,DAL@PIT,0.7,2.5,-3.0,win,lean,44.3,43.5,37.0,no_bet,
2024,5,NO@KC,-1.3,5.5,13.0,loss,strong,43.9,43.0,39.0,no_bet,
2024,6,SF@SEA,-8.5,-3.5,-12.0,win,strong,49.3,49.0,60.0,no_bet,
2024,6,JAX@CHI,4.9,-1.5,19.0,win,strong,44.0,44.5,51.0,no_bet,
2024,6,WAS@BAL,8.8,6.5,7.0,win,lean,48.9,51.5,53.0,loss,strong
2024,6,ARI@GB,12.0,5.5,21.0,win,strong,49.6,47.0,47.0,push,strong
2024,6,HOU@NE,-0.3,-6.5,-20.0,loss,strong,38.9,38.5,62.0,no_bet,
2024,6,TB@NO,4.9,-3.5,-24.0,loss,strong,43.7,42.5,78.0,win,lean
2024,6,CLE@PHI,3.8,8.0,4.0,win,strong,43.3,42.0,36.0,loss,lean
2024,6,IND@TEN,1.4,2.5,-3.0,win,lean,44.1,42.0,37.0,loss,lean
2024,6,LAC@DEN,1.0,-3.0,-7.0,loss,strong,40.3,37.0,39.0,win,strong
2024,6,PIT@LV,-4.3,-3.5,-19.0,no_bet,,42.0,36.5,45.0,win,strong
2024,6,ATL@CAR,-2.8,-6.0,-18.0,loss,strong,42.5,45.5,58.0,loss,strong
2024,6,DET@DAL,3.4,-3.5,-38.0,loss,strong,50.4,52.5,56.0,loss,lean
2024,6,CIN@NYG,-2.4,-4.5,-10.0,loss,lean,46.5,46.0,24.0,no_bet,
2024,6,BUF@NYJ,-9.6,-1.0,-3.0,win,strong,42.3,42.0,43.0,no_bet,
2024,7,DEN@NO,8.2,-2.5,-23.0,loss,strong,40.3,37.0,43.0,win,strong
2024,7,NE@JAX,3.4,6.5,16.0,loss,strong,42.4,42.0,48.0,no_bet,
2024,7,SEA@ATL,1.8,3.0,-20.0,win,lean,47.5,51.5,48.0,win,strong
2024,7,TEN@BUF,12.9,9.5,24.0,win,strong,47.1,41.0,44.0,win,strong
2024,7,CIN@CLE,-0.0,-5.5,-7.0,loss,strong,44.5,42.0,35.0,loss,strong
2024,7,HOU@GB,8.8,3.0,2.0,loss,strong,46.7,48.0,46.0,win,lean
2024,7,MIA@IND,1.2,3.0,6.0,loss,lean,45.0,44.0,26.0,loss,lean
2024,7,DET@MIN,-0.6,1.0,-2.0,win,lean,46.2,50.5,60.0,loss,strong
2024,7,PHI@NYG,-2.9,-3.0,-25.0,no_bet,,45.3,42.0,31.0,loss,strong
2024,7,LV@LA,5.0,7.0,5.0,win,lean,44.1,43.0,35.0,loss,lean
2024,7,CAR@WAS,9.5,10.0,33.0,no_bet,,45.4,51.0,47.0,win,strong
2024,7,KC@SF,8.5,2.5,-10.0,loss,strong,48.7,47.5,46.0,loss,lean
2024,7,NYJ@PIT,9.7,-3.0,22.0,win,strong,38.3,40.0,52.0,loss,lean
2024,7,BAL@TB,-0.1,-4.5,-10.0,loss,strong,47.1,51.0,72.0,loss,strong
2024,7,LAC@ARI,-5.2,-1.0,2.0,loss,strong,44.6,44.0,32.0,no_bet,
2024,8,MIN@LA,-0.5,-3.0,10.0,win,strong,42.9,47.5,50.0,loss,strong
2024,8,PHI@CIN,-1.0,2.5,-20.0,win,strong,50.8,47.5,54.0,win,strong
2024,8,BAL@CLE,-6.1,-7.5,5.0,win,lean,43.4,44.5,53.0,loss,lean
2024,8,TEN@DET,10.1,12.5,38.0,loss,lean,46.8,45.0,66.0,win,lean
2024,8,IND@HOU,1.0,5.0,3.0,win,strong,43.0,45.0,43.0,win,lean
2024,8,GB@JAX,-6.7,-3.5,-3.0,loss,strong,50.8,49.0,57.0,win,lean
2024,8,ARI@MIA,8.1,4.0,-1.0,loss,strong,45.3,46.5,55.0,loss,lean
2024,8,NYJ@NE,0.6,-7.0,3.0,win,strong,37.3,41.0,47.0,loss,strong
2024,8,ATL@TB,6.3,-1.5,-5.0,loss,strong,46.7,47.0,57.0,no_bet,
2024,8,NO@LAC,-1.3,7.0,18.0,loss,strong,41.6,41.5,34.0,no_bet,
2024,8,BUF@SEA,-9.0,-3.0,-21.0,win,strong,50.4,45.5,41.0,loss,strong
2024,8,CAR@DEN,12.5,13.0,14.0,no_bet,,39.8,40.5,42.0,no_bet,
2024,8,KC@LV,-7.1,-9.0,-7.0,win,lean,43.1,42.0,47.0,win,lean
2024,8,CHI@WAS,2.1,1.5,3.0,no_bet,,45.2,46.5,33.0,win,lean
2024,8,DAL@SF,10.4,5.5,6.0,win,strong,48.9,48.0,54.0,no_bet,
2024,8,NYG@PIT,12.1,6.0,8.0,win,strong,40.6,37.5,44.0,win,strong
2024,9,HOU@NYJ,-1.1,2.5,8.0,loss,strong,39.3,43.5,34.0,win,strong
2024,9,DAL@ATL,0.2,3.0,6.0,loss,strong,47.3,52.0,48.0,win,strong
2024,9,DEN@BAL,8.2,9.0,31.0,no_bet,,45.7,46.5,51.0,no_bet,
2024,9,MIA@BUF,11.7,6.5,3.0,loss,strong,47.2,49.0,57.0,loss,lean
2024,9,NO@CAR,-10.6,-7.0,1.0,loss,strong,40.0,43.5,45.0,loss,strong
2024,9,LV@CIN,6.3,8.0,17.0,loss,lean,46.0,45.0,65.0,win,lean
2024,9,LAC@CLE,-0.9,-2.0,-17.0,loss,lean,39.4,42.5,37.0,win,strong
2024,9,WAS@NYG,-4.6,-4.5,-5.0,no_bet,,43.7,44.5,49.0,no_bet,
2024,9,NE@TEN,3.7,3.0,3.0,no_bet,,40.0,38.5,37.0,loss,lean
2024,9,CHI@ARI,-3.6,1.5,20.0,loss,strong,45.4,44.5,38.0,no_bet,
2024,9,JAX@PHI,9.4,7.5,5.0,loss,lean,50.9,46.0,51.0,win,strong
2024,9,DET@GB,2.5,-2.5,-10.0,loss,strong,50.6,47.5,38.0,loss,strong
2024,9,LA@SEA,-0.4,-1.5,-6.0,loss,lean,46.9,48.5,46.0,win,lean
2024,9,IND@MIN,2.6,6.5,8.0,loss,strong,44.0,47.0,34.0,win,strong
2024,9,TB@KC,6.1,9.0,6.0,win,strong,47.1,45.5,54.0,win,lean
2024,10,CIN@BAL,9.5,6.0,1.0,loss,strong,51.5,53.0,69.0,loss,lean
2024,10,NYG@CAR,-2.2,-6.5,3.0,win,strong,40.9,40.5,37.0,no_bet,
2024,10,NE@CHI,7.9,6.5,-16.0,loss,lean,39.5,37.5,22.0,loss,lean
2024,10,BUF@IND,-8.9,-4.5,-10.0,win,strong,47.9,46.5,50.0,win,lean
2024,10,MIN@JAX,-2.4,-7.0,-5.0,win,strong,45.8,42.5,19.0,loss,strong
2024,10,DEN@KC,8.2,7.5,2.0,no_bet,,44.0,42.5,30.0,loss,lean
2024,10,ATL@NO,6.0,-3.5,3.0,win,strong,43.9,46.5,37.0,win,strong
2024,10,SF@TB,-7.4,-6.5,-3.0,no_bet,,49.3,50.5,43.0,win,lean
2024,10,PIT@WAS,-0.5,1.5,-1.0,win,lean,46.2,45.0,55.0,win,lean
2024,10,TEN@LAC,6.7,8.0,10.0,loss,lean,41.5,40.0,44.0,win,lean
2024,10,NYJ@ARI,0.1,-2.0,25.0,win,lean,43.3,45.5,37.0,win,lean
2024,10,PHI@DAL,-2.6,-7.5,-28.0,loss,strong,48.7,44.5,40.0,loss,strong
2024,10,DET@HOU,-4.1,-4.5,-3.0,no_bet,,46.1,49.0,49.0,push,strong
2024,10,MIA@LA,1.7,2.5,-8.0,no_bet,,45.1,49.5,38.0,win,strong
2024,11,WAS@PHI,6.7,4.5,8.0,win,lean,48.5,49.5,44.0,win,lean
2024,11,GB@CHI,-3.8,-6.0,-1.0,win,lean,45.5,41.0,39.0,loss,strong
2024,11,JAX@DET,11.4,14.0,46.0,loss,strong,49.2,47.5,58.0,win,lean
2024,11,LV@MIA,8.4,8.0,15.0,no_bet,,42.1,43.5,53.0,loss,lean
2024,11,LA@NE,-1.9,-4.0,-6.0,loss,lean,40.9,42.5,50.0,loss,lean
2024,11,CLE@NO,7.6,-1.0,21.0,win,strong,39.1,44.0,49.0,loss,strong
2024,11,IND@NYJ,-0.7,4.0,-1.0,win,strong,41.4,43.0,55.0,loss,lean
2024,11,BAL@PIT,-2.0,-3.0,2.0,win,lean,47.6,48.0,34.0,no_bet,
2024,11,MIN@TEN,-3.3,-6.0,-10.0,loss,strong,42.2,40.0,36.0,loss,lean
2024,11,ATL@DEN,1.1,2.0,32.0,no_bet,,44.1,44.5,44.0,no_bet,
2024,11,SEA@SF,14.1,6.0,-3.0,loss,strong,48.9,49.0,37.0,no_bet,
2024,11,KC@BUF,6.9,2.5,9.0,win,strong,48.9,46.5,51.0,win,lean
2024,11,CIN@LAC,5.6,1.0,7.0,win,strong,47.2,48.0,61.0,no_bet,
2024,11,HOU@DAL,1.3,-7.5,-24.0,loss,strong,43.0,41.5,44.0,win,lean
2024,12,PIT@CLE,-4.2,-3.5,5.0,no_bet,,39.5,36.5,43.0,win,strong
2024,12,KC@CAR,-11.0,-11.0,-3.0,no_bet,,43.5,43.0,57.0,no_bet,
2024,12,MIN@CHI,-2.0,-3.0,-3.0,push,lean,40.6,39.5,57.0,win,lean
2024,12,TEN@HOU,5.6,8.0,-5.0,win,lean,41.6,40.5,59.0,win,lean
2024,12,DET@IND,-6.8,-7.0,-18.0,no_bet,,46.7,50.5,30.0,win,strong
2024,12,NE@MIA,8.2,7.5,19.0,no_bet,,42.5,46.0,49.0,loss,strong
2024,12,TB@NYG,-3.5,-6.5,-23.0,loss,strong,44.8,40.5,37.0,loss,strong
2024,12,DAL@WAS,4.6,10.5,-8.0,win,strong,47.1,45.0,60.0,win,lean
2024,12,DEN@LV,-4.0,-6.5,-10.0,loss,strong,41.3,41.5,48.0,no_bet,
2024,12,SF@GB,-3.2,6.5,28.0,loss,strong,51.4,44.5,48.0,win,strong
2024,12,ARI@SEA,0.7,-1.0,10.0,win,lean,48.1,46.5,22.0,loss,lean
2024,12,PHI@LA,-4.5,-3.0,-17.0,win,lean,46.3,49.0,57.0,loss,strong
2024,12,BAL@LAC,-4.4,-3.0,-7.0,win,lean,47.1,51.0,53.0,loss,strong
2024,13,CHI@DET,10.9,9.5,3.0,loss,lean,45.7,47.5,43.0,win,lean
2024,13,NYG@DAL,6.3,4.5,7.0,win,lean,43.1,39.0,47.0,win,strong
2024,13,MIA@GB,5.1,3.5,13.0,win,lean,48.2,47.5,47.0,no_bet,
2024,13,LV@KC,11.6,13.5,2.0,win,lean,44.8,42.0,36.0,loss,strong
2024,13,LAC@ATL,-0.8,-1.0,-4.0,no_bet,,45.6,47.0,30.0,win,lean
2024,13,PIT@CIN,-2.3,3.0,-6.0,win,strong,46.3,46.0,82.0,no_bet,
2024,13,HOU@JAX,-3.7,-3.5,-3.0,no_bet,,44.3,44.5,43.0,no_bet,
2024,13,ARI@MIN,8.2,3.5,1.0,loss,strong,44.9,45.5,45.0,no_bet,
2024,13,IND@NE,-0.6,-2.5,-1.0,win,lean,41.1,41.5,49.0,no_bet,
2024,13,SEA@NYJ,0.3,1.0,-5.0,no_bet,,42.7,41.5,47.0,win,lean
2024,13,TEN@WAS,5.1,6.0,23.0,no_bet,,45.6,45.0,61.0,no_bet,
2024,13,TB@CAR,-8.5,-6.5,-3.0,loss,lean,45.1,46.0,49.0,no_bet,
2024,13,LA@NO,6.7,-2.5,-7.0,loss,strong,44.2,48.5,35.0,win,strong
2024,13,PHI@BAL,2.9,3.0,-5.0,no_bet,,49.7,50.0,43.0,no_bet,
2024,13,SF@BUF,3.8,6.5,25.0,loss,strong,50.0,45.0,45.0,push,strong
2024,13,CLE@DEN,5.6,6.5,9.0,no_bet,,39.8,41.5,73.0,loss,lean
2024,14,GB@DET,3.0,3.0,3.0,no_bet,,50.8,53.0,65.0,loss,lean
2024,14,NYJ@MIA,8.2,6.5,6.0,loss,lean,42.3,45.0,58.0,loss,strong
2024,14,ATL@MIN,7.3,6.0,21.0,win,lean,43.8,46.5,63.0,loss,strong
2024,14,NO@NYG,-8.2,-5.5,-3.0,loss,strong,41.8,41.0,25.0,no_bet,
2024,14,CAR@PHI,17.3,14.0,6.0,loss,strong,44.7,44.5,38.0,no_bet,
2024,14,CLE@PIT,8.4,6.0,13.0,win,lean,40.9,43.0,41.0,win,lean
2024,14,LV@TB,10.8,7.0,15.0,win,strong,44.6,47.0,41.0,win,lean
2024,14,JAX@TEN,3.7,3.0,-4.0,no_bet,,45.7,40.0,16.0,loss,strong
2024,14,SEA@ARI,0.4,3.0,-12.0,win,strong,47.0,45.5,48.0,win,lean
2024,14,BUF@LA,-8.3,-3.5,2.0,loss,strong,48.8,49.5,86.0,no_bet,
2024,14,CHI@SF,9.6,3.0,25.0,win,strong,45.3,43.5,51.0,win,lean
2024,14,LAC@KC,5.6,5.0,2.0,no_bet,,45.5,43.5,36.0,loss,lean
2024,14,CIN@DAL,2.9,-5.0,-7.0,loss,strong,48.0,51.0,47.0,win,strong
2024,15,LA@SF,8.4,3.0,-6.0,loss,strong,49.3,48.5,18.0,no_bet,
2024,15,DAL@CAR,-6.1,2.5,-16.0,win,strong,42.9,42.0,44.0,no_bet,
2024,15,KC@CLE,-5.4,-4.5,-14.0,no_bet,,43.7,41.5,28.0,loss,lean
2024,15,MIA@HOU,1.0,2.5,8.0,loss,lean,43.3,46.5,32.0,win,strong
2024,15,NYJ@JAX,2.2,-3.5,-7.0,loss,strong,44.2,41.5,57.0,win,strong
2024,15,WAS@NO,4.3,-7.5,-1.0,win,strong,45.3,44.5,39.0,no_bet,
2024,15,BAL@NYG,-13.3,-16.5,-21.0,loss,strong,45.5,43.5,49.0,win,lean
2024,15,CIN@TEN,-0.6,-6.0,-10.0,loss,strong,46.8,46.5,64.0,no_bet,
2024,15,NE@ARI,2.7,6.0,13.0,loss,strong,43.8,46.5,47.0,loss,strong
2024,15,IND@DEN,4.8,4.5,18.0,no_bet,,42.7,43.5,44.0,no_bet,
2024,15,BUF@DET,-0.7,2.5,-6.0,win,strong,51.4,55.5,90.0,loss,strong
2024,15,TB@LAC,-1.6,3.0,-23.0,win,strong,45.3,46.0,57.0,no_bet,
2024,15,PIT@PHI,4.4,5.5,14.0,loss,lean,45.3,43.0,40.0,loss,lean
2024,15,GB@SEA,-4.7,-3.0,-17.0,win,lean,48.3,48.0,43.0,no_bet,
2024,15,CHI@MIN,9.1,7.0,18.0,win,lean,42.6,43.5,42.0,no_bet,
2024,15,ATL@LV,-0.7,-6.5,-6.0,win,strong,44.1,44.5,24.0,no_bet,
2024,16,DEN@LAC,-0.7,3.0,7.0,loss,strong,41.7,41.5,61.0,no_bet,
2024,16,HOU@KC,7.0,3.5,8.0,win,strong,43.3,42.5,46.0,no_bet,
2024,16,PIT@BAL,7.7,7.0,17.0,no_bet,,47.0,44.5,51.0,win,strong
2024,16,NYG@ATL,8.0,9.5,27.0,loss,lean,44.0,42.5,41.0,loss,lean
2024,16,ARI@CAR,-5.1,-5.5,6.0,no_bet,,45.6,47.0,66.0,loss,lean
2024,16,DET@CHI,-7.0,-7.0,-17.0,no_bet,,46.5,47.5,51.0,loss,lean
2024,16,CLE@CIN,5.3,10.0,18.0,loss,strong,44.7,46.5,30.0,win,lean
2024,16,TEN@IND,3.7,4.0,8.0,no_bet,,42.2,42.5,68.0,no_bet,
2024,16,LA@NYJ,-1.8,-3.0,-10.0,loss,lean,44.4,47.0,28.0,win,strong
2024,16,PHI@WAS,-3.5,-4.0,3.0,no_bet,,48.1,47.0,69.0,win,lean
2024,16,MIN@SEA,-4.5,-2.5,-3.0,win,lean,43.8,43.0,51.0,no_bet,
2024,16,NE@BUF,14.4,14.0,3.0,no_bet,,47.0,48.0,45.0,win,lean
2024,16,JAX@LV,1.1,2.5,5.0,loss,lean,44.9,41.5,33.0,loss,strong
2024,16,SF@MIA,-2.7,-2.0,12.0,no_bet,,46.9,44.0,46.0,win,strong
2024,16,TB@DAL,-2.0,-4.5,2.0,win,strong,46.2,47.5,50.0,loss,lean
2024,16,NO@GB,5.8,14.0,34.0,loss,strong,46.6,44.0,34.0,loss,strong
2024,17,KC@PIT,-2.0,-3.0,-19.0,loss,lean,45.1,43.5,39.0,loss,lean
2024,17,BAL@HOU,-7.9,-5.5,-29.0,win,lean,45.6,46.5,33.0,no_bet,
2024,17,SEA@CHI,-1.9,-3.5,-3.0,win,lean,43.7,43.5,9.0,no_bet,
2024,17,LAC@NE,-1.0,-6.0,-33.0,loss,strong,42.1,42.0,47.0,no_bet,
2024,17,DEN@CIN,1.6,3.5,6.0,loss,lean,46.5,50.5,54.0,loss,strong
2024,17,ARI@LA,4.3,6.5,4.0,win,lean,48.5,48.0,22.0,no_bet,
2024,17,NYJ@BUF,14.2,10.0,26.0,win,strong,47.4,44.5,54.0,win,strong
2024,17,TEN@JAX,1.0,-1.0,7.0,win,lean,46.0,38.0,33.0,loss,strong
2024,17,LV@NO,8.6,-2.0,-15.0,loss,strong,40.3,37.5,35.0,loss,strong
2024,17,IND@NYG,-5.9,-7.5,12.0,win,lean,42.0,40.5,78.0,win,lean
2024,17,DAL@PHI,7.9,7.5,34.0,no_bet,,46.1,37.5,48.0,win,strong
2024,17,CAR@TB,14.0,9.5,34.0,win,strong,45.5,47.5,62.0,loss,lean
2024,17,MIA@CLE,-3.4,-3.0,-17.0,no_bet,,41.4,32.5,23.0,loss,strong
2024,17,GB@MIN,-1.4,-1.0,2.0,no_bet,,46.9,49.0,52.0,loss,lean
2024,17,ATL@WAS,3.2,3.5,6.0,no_bet,,46.6,46.5,54.0,no_bet,
2024,17,DET@SF,1.7,-4.0,-6.0,loss,strong,50.1,50.5,74.0,no_bet,
2024,18,CLE@BAL,15.7,19.5,25.0,loss,strong,43.8,42.5,45.0,win,lean
2024,18,CIN@PIT,1.2,-2.5,-2.0,win,strong,47.2,48.5,36.0,win,lean
2024,18,CAR@ATL,9.9,7.5,-6.0,loss,lean,44.7,48.5,82.0,loss,strong
2024,18,WAS@DAL,0.5,-7.0,-4.0,win,strong,46.2,43.5,42.0,loss,strong
2024,18,CHI@GB,13.3,10.0,-2.0,loss,strong,45.8,41.5,46.0,win,strong
2024,18,JAX@IND,3.8,3.5,3.0,no_bet,,46.7,45.5,49.0,win,lean
2024,18,BUF@NE,-12.6,-3.0,7.0,loss,strong,46.6,36.5,39.0,win,strong
2024,18,NYG@PHI,16.8,3.0,7.0,win,strong,45.5,36.5,33.0,loss,strong
2024,18,NO@TB,7.2,14.5,8.0,win,strong,44.8,44.5,46.0,no_bet,
2024,18,HOU@TEN,0.5,2.5,-9.0,win,lean,41.6,36.5,37.0,win,strong
2024,18,SF@ARI,-4.1,4.5,23.0,loss,strong,49.8,42.5,71.0,win,strong
2024,18,KC@DEN,-2.3,10.5,38.0,loss,strong,45.1,40.5,38.0,loss,strong
2024,18,SEA@LA,4.0,-7.5,-5.0,win,strong,45.4,38.5,55.0,win,strong
2024,18,LAC@LV,-2.3,-7.0,-14.0,loss,strong,41.4,42.5,54.0,loss,lean
2024,18,MIA@NYJ,-4.9,1.5,12.0,loss,strong,42.8,39.5,52.0,win,strong
2024,18,MIN@DET,3.3,3.0,22.0,no_bet,,47.8,56.5,40.0,win,strong
2025,1,DAL@PHI,9.7,8.5,4.0,loss,lean,46.2,47.5,44.0,win,lean
2025,1,KC@LAC,0.2,-3.0,6.0,win,strong,46.4,47.5,48.0,loss,lean
2025,1,TB@ATL,-4.9,-1.5,-3.0,win,strong,47.4,47.5,43.0,no_bet,
2025,1,CIN@CLE,-3.6,-5.5,-1.0,win,lean,43.7,47.5,33.0,win,strong
2025,1,MIA@IND,-1.1,1.5,25.0,loss,strong,44.8,47.5,41.0,win,strong
2025,1,CAR@JAX,7.5,4.5,16.0,win,strong,46.6,45.5,36.0,loss,lean
2025,1,LV@NE,1.2,2.5,-7.0,win,lean,39.6,44.5,33.0,win,strong
2025,1,ARI@NO,4.4,-6.0,-7.0,loss,strong,45.3,44.5,33.0,no_bet,
2025,1,PIT@NYJ,-2.6,-3.0,-2.0,no_bet,,41.1,37.5,66.0,win,strong
2025,1,NYG@WAS,8.9,6.0,15.0,win,strong,45.0,45.5,27.0,no_bet,
2025,1,TEN@DEN,8.1,8.5,8.0,no_bet,,43.2,42.5,32.0,no_bet,
2025,1,SF@SEA,-3.5,-2.5,-4.0,win,lean,48.0,43.5,30.0,loss,strong
2025,1,DET@GB,3.7,1.5,14.0,win,lean,51.1,48.5,40.0,loss,strong
2025,1,HOU@LA,4.2,3.5,5.0,no_bet,,43.5,43.5,23.0,no_bet,
2025,1,BAL@BUF,0.8,-1.5,1.0,win,lean,51.6,50.5,81.0,win,lean
2025,1,MIN@CHI,-5.7,-1.5,-3.0,win,strong,41.3,43.5,51.0,loss,lean
2025,2,WAS@GB,7.7,3.5,9.0,win,strong,48.4,48.5,45.0,no_bet,
2025,2,CLE@BAL,15.5,12.5,24.0,win,strong,43.0,46.5,58.0,loss,strong
2025,2,JAX@CIN,4.4,3.5,4.0,no_bet,,49.0,49.5,58.0,no_bet,
2025,2,NYG@DAL,8.6,4.5,3.0,loss,strong,43.3,44.5,77.0,loss,lean
2025,2,CHI@DET,9.7,6.0,31.0,win,strong,45.7,46.5,73.0,no_bet,
2025,2,NE@MIA,6.6,1.5,-6.0,loss,strong,41.8,43.5,60.0,loss,lean
2025,2,SF@NO,-4.6,-3.0,-5.0,win,lean,45.3,40.5,47.0,win,strong
2025,2,BUF@NYJ,-8.0,-6.0,-20.0,win,lean,47.9,47.5,40.0,no_bet,
2025,2,SEA@PIT,4.5,3.5,-14.0,loss,lean,44.2,40.5,48.0,win,strong
2025,2,LA@TEN,-4.1,-5.5,-14.0,loss,lean,43.4,41.5,52.0,win,lean
2025,2,CAR@ARI,9.8,7.0,5.0,loss,strong,46.1,45.5,49.0,no_bet,
2025,2,DEN@IND,-1.9,-2.5,1.0,no_bet,,41.9,43.5,57.0,loss,lean
2025,2,PHI@KC,-4.3,-1.5,-3.0,win,strong,48.5,46.5,37.0,loss,lean
2025,2,ATL@MIN,6.9,3.5,-16.0,loss,strong,43.8,44.5,28.0,no_bet,
2025,2,TB@HOU,-6.0,2.5,-1.0,win,strong,42.9,42.5,39.0,no_bet,
2025,2,LAC@LV,-2.3,-3.5,-11.0,loss,lean,42.8,46.5,29.0,win,strong
2025,3,MIA@BUF,10.3,12.5,10.0,win,lean,49.8,50.5,52.0,no_bet,
2025,3,ATL@CAR,-5.5,-5.5,30.0,no_bet,,43.9,44.5,30.0,no_bet,
2025,3,GB@CLE,-12.2,-8.5,3.0,loss,strong,41.3,41.5,23.0,no_bet,
2025,3,HOU@JAX,4.2,1.5,7.0,win,strong,42.9,43.5,27.0,no_bet,
2025,3,CIN@MIN,2.4,3.0,38.0,no_bet,,44.5,41.5,58.0,win,strong
2025,3,PIT@NE,-0.7,-1.5,-7.0,no_bet,,42.4,44.5,35.0,win,lean
2025,3,LA@PHI,7.3,3.5,7.0,win,strong,47.1,45.5,59.0,win,lean
2025,3,NYJ@TB,14.8,6.5,2.0,loss,strong,44.9,43.5,56.0,win,lean
2025,3,IND@TEN,-3.7,-6.0,-21.0,loss,lean,44.0,43.5,61.0,no_bet,
2025,3,LV@WAS,6.8,2.5,17.0,win,strong,42.8,43.5,65.0,no_bet,
2025,3,DEN@LAC,0.8,2.5,3.0,loss,lean,43.1,45.5,43.0,win,lean
2025,3,NO@SEA,1.2,7.5,31.0,loss,strong,42.3,41.5,57.0,no_bet,
2025,3,DAL@CHI,-5.4,-1.5,17.0,loss,strong,44.1,49.5,45.0,win,strong
2025,3,ARI@SF,7.5,1.5,1.0,loss,strong,49.3,44.5,31.0,loss,strong
2025,3,KC@NYG,-6.5,-6.0,-13.0,no_bet,,45.5,44.5,31.0,loss,lean
2025,3,DET@BAL,6.3,4.5,-8.0,loss,lean,52.1,53.5,68.0,loss,lean
2025,4,SEA@ARI,1.6,-1.5,-3.0,loss,strong,46.6,43.5,43.0,loss,strong
2025,4,MIN@PIT,-1.8,-2.5,3.0,no_bet,,40.1,41.5,45.0,loss,lean
2025,4,WAS@ATL,-1.3,2.5,7.0,loss,strong,46.0,43.5,61.0,win,strong
2025,4,NO@BUF,15.1,15.5,12.0,no_bet,,47.8,48.5,50.0,no_bet,
2025,4,CLE@DET,14.2,10.0,24.0,win,strong,43.7,44.5,44.0,no_bet,
2025,4,TEN@HOU,6.8,7.5,26.0,no_bet,,40.2,39.5,26.0,no_bet,
2025,4,CAR@NE,4.9,5.5,29.0,no_bet,,41.6,42.5,55.0,no_bet,
2025,4,LAC@NYG,-9.2,-6.0,3.0,loss,strong,43.5,43.5,39.0,no_bet,
2025,4,PHI@TB,2.4,-3.5,-6.0,loss,strong,47.2,44.5,56.0,win,strong
2025,4,IND@LA,1.9,3.5,7.0,loss,lean,47.5,49.5,47.0,win,lean
2025,4,JAX@SF,6.7,3.5,-5.0,loss,strong,47.5,45.5,47.0,win,lean
2025,4,BAL@KC,-3.3,-2.5,17.0,no_bet,,50.0,48.5,57.0,win,lean
2025,4,CHI@LV,3.8,1.5,-1.0,loss,lean,41.6,47.5,49.0,loss,strong
2025,4,GB@DAL,-6.5,-7.0,0.0,no_bet,,48.1,47.5,80.0,no_bet,
2025,4,NYJ@MIA,6.9,2.5,6.0,win,strong,44.0,44.5,48.0,no_bet,
2025,4,CIN@DEN,6.5,7.5,25.0,loss,lean,44.6,44.5,31.0,no_bet,
2025,5,SF@LA,0.1,8.5,-3.0,win,strong,47.5,43.5,49.0,win,strong
2025,5,MIN@CLE,-7.6,-3.5,-4.0,win,strong,34.9,35.5,38.0,no_bet,
2025,5,HOU@BAL,9.6,-2.5,-34.0,loss,strong,45.0,41.5,54.0,win,strong
2025,5,MIA@CAR,-4.8,-1.5,3.0,loss,strong,46.4,44.5,51.0,win,lean
2025,5,LV@IND,7.8,7.0,34.0,no_bet,,42.8,46.5,46.0,win,strong
2025,5,NYG@NO,5.7,1.5,12.0,win,strong,42.3,41.5,40.0,no_bet,
2025,5,DAL@NYJ,-3.7,1.5,-15.0,win,strong,46.0,48.5,59.0,loss,strong
2025,5,DEN@PHI,4.8,3.5,-4.0,loss,lean,43.1,44.5,38.0,win,lean
2025,5,TEN@ARI,10.2,7.5,-1.0,loss,strong,45.6,41.5,43.0,win,strong
2025,5,TB@SEA,-2.9,3.5,-3.0,win,strong,46.1,44.5,73.0,win,lean
2025,5,DET@CIN,-7.6,-10.5,-13.0,loss,strong,50.0,49.5,61.0,no_bet,
2025,5,WAS@LAC,4.5,2.5,-17.0,loss,lean,47.2,47.5,37.0,no_bet,
2025,5,NE@BUF,12.9,7.5,-3.0,loss,strong,47.5,49.5,43.0,win,lean
2025,5,KC@JAX,-0.3,-3.5,3.0,win,strong,47.2,45.5,59.0,win,lean
2025,6,PHI@NYG,-11.3,-7.0,17.0,loss,strong,43.4,40.5,51.0,win,strong
2025,6,DEN@NYJ,-9.6,-7.5,-2.0,loss,lean,42.0,43.5,24.0,win,lean
2025,6,LA@BAL,5.5,-7.0,-14.0,loss,strong,49.5,43.5,20.0,loss,strong
2025,6,DAL@CAR,-5.3,-3.0,3.0,loss,lean,47.9,47.5,57.0,no_bet,
2025,6,ARI@IND,5.5,8.5,4.0,win,strong,47.3,46.5,58.0,no_bet,
2025,6,SEA@JAX,1.0,-1.5,-8.0,loss,strong,47.2,47.5,32.0,no_bet,
2025,6,LAC@MIA,-0.4,-3.5,-2.0,win,strong,46.1,45.5,56.0,no_bet,
2025,6,NE@NO,2.6,-3.5,-6.0,loss,strong,41.9,46.5,44.0,win,strong
2025,6,CLE@PIT,8.9,5.5,14.0,win,strong,38.9,37.5,32.0,loss,lean
2025,6,TEN@LV,4.9,3.5,10.0,win,lean,41.1,41.5,30.0,no_bet,
2025,6,CIN@GB,12.9,14.0,9.0,win,lean,49.5,44.5,45.0,win,strong
2025,6,SF@TB,3.3,3.5,11.0,no_bet,,48.7,46.5,49.0,win,lean
2025,6,DET@KC,-2.3,2.5,13.0,loss,strong,50.2,51.5,47.0,win,lean
2025,6,BUF@ATL,-7.9,-3.5,10.0,loss,strong,48.4,49.5,38.0,win,lean
2025,6,CHI@WAS,9.5,5.5,-1.0,loss,strong,45.8,49.5,49.0,win,strong
2025,7,PIT@CIN,-4.2,-5.5,2.0,win,lean,47.3,45.5,64.0,win,lean
2025,7,LA@JAX,-1.1,-3.0,-28.0,loss,lean,45.4,44.5,42.0,no_bet,
2025,7,NO@CHI,-0.7,4.5,12.0,loss,strong,41.9,43.5,40.0,win,lean
2025,7,MIA@CLE,-3.6,2.5,25.0,loss,strong,41.3,34.5,37.0,win,strong
2025,7,LV@KC,9.1,13.5,31.0,loss,strong,44.3,44.5,31.0,no_bet,
2025,7,PHI@MIN,1.2,-2.5,-6.0,loss,strong,42.4,43.5,50.0,loss,lean
2025,7,CAR@NYJ,0.2,1.5,-7.0,win,lean,43.0,39.5,19.0,loss,strong
2025,7,NE@TEN,-5.2,-6.5,-18.0,loss,lean,42.4,40.5,44.0,win,lean
2025,7,NYG@DEN,14.4,7.5,1.0,loss,strong,41.0,39.5,65.0,win,lean
2025,7,IND@LAC,1.1,2.5,-14.0,win,lean,46.2,48.5,62.0,loss,lean
2025,7,GB@ARI,-6.1,-7.0,-4.0,no_bet,,49.3,44.5,50.0,win,strong
2025,7,WAS@DAL,1.2,1.5,22.0,no_bet,,51.1,54.5,66.0,loss,strong
2025,7,ATL@SF,5.1,1.5,10.0,win,strong,46.5,46.5,30.0,no_bet,
2025,7,TB@DET,1.9,6.0,15.0,loss,strong,50.7,54.5,33.0,win,strong
2025,7,HOU@SEA,1.3,3.0,8.0,loss,lean,42.3,41.5,46.0,no_bet,
2025,8,MIN@LAC,0.9,3.0,27.0,loss,lean,43.0,45.5,47.0,loss,strong
2025,8,MIA@ATL,3.4,7.0,-24.0,win,strong,45.7,44.5,44.0,loss,lean
2025,8,CHI@BAL,9.1,2.5,14.0,win,strong,46.1,45.5,46.0,no_bet,
2025,8,BUF@CAR,-11.8,-7.0,-31.0,win,strong,48.6,47.5,49.0,win,lean
2025,8,NYJ@CIN,6.1,5.5,-1.0,no_bet,,45.2,43.5,77.0,win,lean
2025,8,SF@HOU,-0.3,2.5,11.0,loss,strong,42.3,41.5,41.0,no_bet,
2025,8,CLE@NE,7.1,7.0,19.0,no_bet,,37.6,40.5,45.0,loss,strong
2025,8,NYG@PHI,13.0,7.0,18.0,win,strong,45.5,43.5,58.0,win,lean
2025,8,TB@NO,-5.7,-4.5,-20.0,win,lean,45.1,46.5,26.0,win,lean
2025,8,DAL@DEN,5.4,3.5,20.0,win,lean,45.9,51.5,68.0,loss,strong
2025,8,TEN@IND,13.6,15.5,24.0,loss,lean,45.8,47.5,52.0,loss,lean
2025,8,GB@PIT,-3.0,-3.0,-10.0,no_bet,,49.1,46.5,60.0,win,strong
2025,8,WAS@KC,8.2,10.5,21.0,loss,lean,49.0,48.5,35.0,no_bet,
2025,9,BAL@MIA,-2.9,-7.5,-22.0,loss,strong,49.0,51.5,34.0,win,strong
2025,9,CHI@CIN,2.6,-3.0,-5.0,loss,strong,47.4,51.5,89.0,loss,strong
2025,9,MIN@DET,7.8,9.5,-3.0,win,lean,44.9,47.5,51.0,loss,strong
2025,9,CAR@GB,17.9,12.5,-3.0,loss,strong,47.8,43.5,29.0,loss,strong
2025,9,DEN@HOU,-1.8,1.5,-3.0,win,strong,39.2,40.5,33.0,win,lean
2025,9,ATL@NE,5.7,5.5,1.0,no_bet,,43.4,45.5,47.0,loss,lean
2025,9,SF@NYG,-8.0,-2.5,-10.0,win,strong,47.8,47.5,58.0,no_bet,
2025,9,IND@PIT,-2.8,-3.5,7.0,no_bet,,48.4,51.5,47.0,win,strong
2025,9,LAC@TEN,-10.4,-10.0,-7.0,no_bet,,44.4,44.5,47.0,no_bet,
2025,9,NO@LA,8.8,14.0,24.0,loss,strong,42.6,44.5,44.0,win,lean
2025,9,JAX@LV,-3.3,-2.5,-1.0,no_bet,,42.2,43.5,59.0,loss,lean
2025,9,KC@BUF,4.9,-2.5,7.0,win,strong,49.9,53.5,49.0,win,strong
2025,9,SEA@WAS,-0.7,-2.5,-24.0,loss,lean,47.2,47.5,52.0,no_bet,
2025,9,ARI@DAL,4.1,3.5,-10.0,no_bet,,49.7,53.5,44.0,win,strong
2025,10,LV@DEN,12.2,9.5,3.0,loss,strong,40.0,42.5,17.0,win,strong
2025,10,ATL@IND,8.3,6.5,6.0,loss,lean,46.5,48.5,56.0,loss,lean
2025,10,NO@CAR,0.4,5.5,-10.0,win,strong,42.6,38.5,24.0,loss,strong
2025,10,NYG@CHI,7.6,4.5,4.0,loss,strong,45.3,45.5,44.0,no_bet,
2025,10,JAX@HOU,3.8,-1.5,7.0,win,strong,41.9,37.5,65.0,win,strong
2025,10,BUF@MIA,-9.0,-8.5,17.0,no_bet,,49.3,50.5,43.0,win,lean
2025,10,BAL@MIN,-4.5,-4.5,-8.0,no_bet,,44.9,48.5,46.0,win,strong
2025,10,CLE@NYJ,-0.1,-1.5,7.0,win,lean,37.1,37.5,47.0,no_bet,
2025,10,NE@TB,7.0,2.5,-5.0,loss,strong,44.5,48.5,51.0,loss,strong
2025,10,ARI@SEA,5.9,7.0,22.0,loss,lean,46.7,44.5,66.0,win,lean
2025,10,LA@SF,0.3,-5.5,-16.0,loss,strong,48.1,49.5,68.0,loss,lean
2025,10,DET@WAS,-5.7,-8.5,-22.0,loss,strong,50.1,49.5,66.0,no_bet,
2025,10,PIT@LAC,6.1,3.0,15.0,win,strong,45.6,45.5,35.0,no_bet,
2025,10,PHI@GB,2.5,1.5,-3.0,loss,lean,49.5,45.5,17.0,loss,strong
2025,11,NYJ@NE,9.4,12.5,13.0,loss,strong,42.5,43.5,41.0,win,lean
2025,11,WAS@MIA,4.2,2.5,3.0,win,lean,49.3,47.5,29.0,loss,lean
2025,11,CAR@ATL,7.1,4.5,-3.0,loss,strong,44.2,42.5,57.0,win,lean
2025,11,TB@BUF,4.4,6.0,12.0,loss,lean,49.5,46.5,76.0,win,strong
2025,11,LAC@JAX,-4.6,-3.0,29.0,loss,lean,45.8,43.5,41.0,loss,lean
2025,11,CHI@MIN,2.1,3.0,-2.0,no_bet,,41.3,47.5,36.0,win,strong
2025,11,GB@NYG,-12.3,-7.5,-7.0,loss,strong,48.4,41.5,47.0,win,strong
2025,11,CIN@PIT,3.2,5.5,22.0,loss,lean,49.4,48.5,46.0,no_bet,
2025,11,HOU@TEN,-8.2,-5.5,-3.0,loss,strong,39.5,37.5,29.0,loss,lean
2025,11,SF@ARI,-2.1,-3.5,-19.0,loss,lean,49.6,48.5,63.0,win,lean
2025,11,SEA@LA,2.3,3.0,2.0,no_bet,,46.1,49.5,40.0,win,strong
2025,11,BAL@CLE,-6.2,-7.5,-7.0,win,lean,41.6,37.5,39.0,win,strong
2025,11,KC@DEN,1.2,-3.5,3.0,win,strong,44.3,44.5,41.0,no_bet,
2025,11,DET@PHI,3.1,2.5,7.0,no_bet,,49.4,46.5,25.0,loss,strong
2025,11,DAL@LV,-5.2,-3.5,-17.0,win,lean,43.6,48.5,49.0,loss,strong
2025,12,BUF@HOU,-4.0,-5.5,4.0,win,lean,44.5,43.5,42.0,loss,lean
2025,12,NYJ@BAL,15.4,14.0,13.0,loss,lean,45.5,44.5,33.0,loss,lean
2025,12,PIT@CHI,0.8,3.0,3.0,push,lean,43.9,46.5,59.0,loss,strong
2025,12,NE@CIN,-4.5,-7.5,-6.0,win,strong,49.1,50.5,46.0,win,lean
2025,12,NYG@DET,15.1,14.0,7.0,loss,lean,48.9,50.5,61.0,loss,lean
2025,12,MIN@GB,9.8,6.5,17.0,win,strong,45.3,41.5,29.0,loss,strong
2025,12,IND@KC,2.4,3.5,3.0,win,lean,49.1,50.5,43.0,win,lean
2025,12,SEA@TEN,-11.7,-12.5,-6.0,no_bet,,43.7,41.5,54.0,win,lean
2025,12,JAX@ARI,-0.4,-2.5,-3.0,loss,lean,47.0,47.5,51.0,no_bet,
2025,12,CLE@LV,-1.0,3.0,-14.0,win,strong,34.2,35.5,34.0,win,lean
2025,12,PHI@DAL,-3.2,-3.0,3.0,no_bet,,47.5,47.5,45.0,no_bet,
2025,12,ATL@NO,0.4,1.5,-14.0,win,lean,42.3,41.5,34.0,no_bet,
2025,12,TB@LA,2.0,7.0,27.0,loss,strong,46.3,49.5,41.0,win,strong
2025,12,CAR@SF,12.0,7.5,11.0,win,strong,48.6,48.5,29.0,no_bet,
2025,13,GB@DET,-1.4,2.5,-7.0,win,strong,50.7,48.5,55.0,win,lean
2025,13,KC@DAL,-1.8,-3.5,3.0,win,lean,49.4,53.5,59.0,loss,strong
2025,13,CIN@BAL,12.3,7.0,-18.0,loss,strong,51.3,52.5,46.0,win,lean
2025,13,CHI@PHI,10.1,7.0,-9.0,loss,strong,44.0,43.5,39.0,no_bet,
2025,13,LA@CAR,-10.1,-10.0,3.0,no_bet,,44.4,44.5,59.0,no_bet,
2025,13,SF@CLE,-4.5,-5.5,-18.0,loss,lean,41.4,35.5,34.0,loss,strong
2025,13,HOU@IND,4.0,3.0,-4.0,loss,lean,42.3,44.5,36.0,win,lean
2025,13,NO@MIA,4.2,5.5,4.0,win,lean,43.2,41.5,38.0,loss,lean
2025,13,ATL@NYJ,-5.2,-3.0,3.0,loss,lean,42.8,38.5,51.0,win,strong
2025,13,ARI@TB,8.2,4.5,3.0,loss,strong,46.4,44.5,37.0,loss,lean
2025,13,JAX@TEN,-6.5,-6.0,-22.0,no_bet,,44.9,42.5,28.0,loss,lean
2025,13,MIN@SEA,10.2,12.5,26.0,loss,lean,42.0,42.5,26.0,no_bet,
2025,13,LV@LAC,10.8,10.0,17.0,no_bet,,40.0,40.5,45.0,no_bet,
2025,13,BUF@PIT,-5.3,-3.0,-19.0,win,lean,48.6,44.5,33.0,loss,strong
2025,13,DEN@WAS,-5.3,-6.5,-1.0,win,lean,46.5,43.5,53.0,win,strong
2025,13,NYG@NE,13.0,7.0,18.0,win,strong,46.3,46.5,48.0,no_bet,
2025,14,DAL@DET,4.9,3.5,14.0,win,lean,51.1,55.5,74.0,loss,strong
2025,14,SEA@ATL,-3.5,-7.0,-28.0,loss,strong,44.4,44.5,46.0,no_bet,
2025,14,PIT@BAL,9.5,5.5,-5.0,loss,strong,46.0,43.5,49.0,win,strong
2025,14,CIN@BUF,13.5,6.0,5.0,loss,strong,51.6,54.5,73.0,loss,strong
2025,14,TEN@CLE,8.7,4.5,-2.0,loss,strong,37.1,33.5,60.0,win,strong
2025,14,IND@JAX,-1.0,-2.5,17.0,win,lean,47.1,44.5,55.0,win,strong
2025,14,WAS@MIN,0.8,-1.5,31.0,win,lean,44.3,43.5,31.0,no_bet,
2025,14,MIA@NYJ,-4.1,-2.5,-24.0,win,lean,44.1,41.5,44.0,win,strong
2025,14,NO@TB,6.9,7.5,-4.0,no_bet,,42.4,41.5,44.0,no_bet,
2025,14,DEN@LV,-9.4,-8.5,-7.0,no_bet,,39.1,40.5,41.0,loss,lean
2025,14,LA@ARI,-5.2,-9.5,-28.0,loss,strong,46.1,49.5,62.0,loss,strong
2025,14,CHI@GB,10.9,6.5,7.0,win,strong,47.6,44.5,49.0,win,strong
2025,14,HOU@KC,5.4,4.5,-10.0,no_bet,,42.9,41.5,30.0,loss,lean
2025,14,PHI@LAC,-0.7,-1.5,3.0,no_bet,,43.8,41.5,41.0,loss,lean
2025,15,ATL@TB,5.0,6.0,-1.0,win,lean,45.4,43.5,57.0,win,lean
2025,15,CLE@CHI,3.1,7.5,28.0,loss,strong,37.7,38.5,34.0,no_bet,
2025,15,BAL@CIN,-6.8,-2.5,-24.0,win,strong,50.5,51.5,24.0,win,lean
2025,15,ARI@HOU,8.5,10.5,20.0,loss,lean,41.4,42.5,60.0,loss,lean
2025,15,NYJ@JAX,11.5,13.5,28.0,loss,lean,43.4,40.5,68.0,win,strong
2025,15,LAC@KC,2.1,5.5,-3.0,win,strong,45.4,41.5,29.0,loss,strong
2025,15,BUF@NE,-2.5,-2.5,-4.0,no_bet,,47.6,49.5,66.0,loss,lean
2025,15,WAS@NYG,-1.4,2.5,-8.0,win,strong,50.6,46.5,50.0,win,strong
2025,15,LV@PHI,16.4,12.5,31.0,win,strong,40.3,37.5,31.0,loss,strong
2025,15,GB@DEN,-1.4,-1.5,8.0,no_bet,,47.3,42.5,60.0,win,strong
2025,15,DET@LA,2.4,5.5,7.0,loss,strong,49.5,54.5,75.0,loss,strong
2025,15,CAR@NO,5.6,-2.5,3.0,win,strong,42.2,41.5,37.0,no_bet,
2025,15,IND@SEA,6.0,13.5,2.0,win,strong,45.9,41.5,34.0,loss,strong
2025,15,TEN@SF,15.9,12.5,13.0,win,strong,47.2,44.5,61.0,win,strong
2025,15,MIN@DAL,4.8,5.5,-8.0,no_bet,,43.5,47.5,60.0,loss,strong
2025,15,MIA@PIT,-0.0,3.0,13.0,loss,strong,44.9,42.5,43.0,win,lean
2025,16,LA@SEA,2.8,1.5,1.0,loss,lean,45.0,42.5,75.0,win,strong
2025,16,PHI@WAS,-9.3,-7.0,-11.0,win,lean,47.6,43.5,47.0,win,strong
2025,16,GB@CHI,-5.4,1.5,6.0,loss,strong,47.8,45.5,38.0,loss,lean
2025,16,TB@CAR,-6.4,-3.0,3.0,loss,strong,46.3,44.5,43.0,loss,lean
2025,16,BUF@CLE,-10.3,-10.5,-3.0,no_bet,,41.7,41.5,43.0,no_bet,
2025,16,LAC@DAL,-1.5,1.5,-17.0,win,strong,46.5,50.5,51.0,loss,strong
2025,16,CIN@MIA,7.1,-3.5,-24.0,loss,strong,48.5,48.5,66.0,no_bet,
2025,16,NYJ@NO,9.2,6.5,23.0,win,strong,40.6,39.5,35.0,loss,lean
2025,16,MIN@NYG,-4.2,-2.5,-3.0,win,lean,43.0,41.5,29.0,loss,lean
2025,16,KC@TEN,-10.8,-3.5,17.0,loss,strong,46.0,37.5,35.0,loss,strong
2025,16,ATL@ARI,-2.6,-2.5,-7.0,no_bet,,46.6,48.5,45.0,win,lean
2025,16,JAX@DEN,5.2,3.5,-14.0,loss,lean,44.0,46.5,54.0,loss,strong
2025,16,PIT@DET,6.5,7.5,-5.0,win,lean,48.7,52.5,53.0,loss,strong
2025,16,LV@HOU,13.9,14.5,2.0,no_bet,,37.9,39.5,44.0,loss,lean
2025,16,NE@BAL,6.5,3.5,-4.0,loss,strong,46.0,48.5,52.0,loss,strong
2025,16,SF@IND,-0.4,-4.5,-21.0,loss,strong,49.9,46.5,75.0,win,strong
2025,17,DAL@WAS,-1.2,-8.5,-7.0,win,strong,52.1,50.5,53.0,win,lean
2025,17,DET@MIN,-1.8,-7.0,13.0,win,strong,44.3,45.5,33.0,win,lean
2025,17,DEN@KC,0.0,-13.5,-7.0,win,strong,45.1,37.5,33.0,loss,strong
2025,17,HOU@LAC,4.5,1.5,-4.0,loss,strong,40.0,40.5,36.0,no_bet,
2025,17,BAL@GB,2.9,2.5,-17.0,no_bet,,50.5,38.5,65.0,win,strong
2025,17,SEA@CAR,-9.3,-6.5,-17.0,win,strong,44.8,42.5,37.0,loss,lean
2025,17,ARI@CIN,3.8,7.0,23.0,loss,strong,49.8,52.5,51.0,win,strong
2025,17,PIT@CLE,-2.4,-4.5,7.0,win,lean,37.7,35.5,19.0,loss,lean
2025,17,JAX@IND,0.4,-3.5,-6.0,loss,strong,46.8,48.5,40.0,win,lean
2025,17,TB@MIA,-1.0,-5.5,3.0,win,strong,46.5,44.5,37.0,loss,lean
2025,17,NE@NYJ,-8.2,-12.5,-32.0,loss,strong,42.8,42.5,52.0,no_bet,
2025,17,NO@TEN,-5.8,-1.5,-8.0,win,strong,40.8,39.5,60.0,win,lean
2025,17,NYG@LV,0.4,-3.0,-24.0,loss,strong,43.1,40.5,44.0,win,strong
2025,17,PHI@BUF,0.6,3.0,-1.0,win,lean,48.3,45.5,25.0,loss,strong
2025,17,CHI@SF,8.4,3.5,4.0,win,strong,48.3,51.5,80.0,loss,strong
2025,17,LA@ATL,-3.1,-7.5,3.0,win,strong,46.8,48.5,51.0,loss,lean
2025,18,CAR@TB,10.4,3.0,2.0,loss,strong,45.9,43.5,30.0,loss,lean
2025,18,SEA@SF,1.3,-2.5,-10.0,loss,strong,47.8,47.5,16.0,no_bet,
2025,18,NO@ATL,1.2,4.5,2.0,win,strong,42.3,43.5,36.0,win,lean
2025,18,CLE@CIN,3.8,9.5,-2.0,win,strong,41.1,47.5,38.0,win,strong
2025,18,IND@HOU,3.7,9.5,8.0,win,strong,42.3,37.5,68.0,win,strong
2025,18,TEN@JAX,11.9,12.5,34.0,no_bet,,44.4,46.5,48.0,loss,lean
2025,18,GB@MIN,-3.6,12.5,13.0,loss,strong,43.9,37.5,19.0,loss,strong
2025,18,DAL@NYG,-2.9,-3.0,17.0,no_bet,,50.0,50.5,51.0,no_bet,
2025,18,NYJ@BUF,18.3,12.5,27.0,win,strong,46.8,39.5,43.0,win,strong
2025,18,DET@CHI,-2.7,3.5,-3.0,win,strong,47.8,51.5,35.0,win,strong
2025,18,LAC@DEN,2.9,14.5,16.0,loss,strong,42.7,37.5,22.0,loss,strong
2025,18,ARI@LA,10.2,14.5,17.0,loss,strong,48.2,49.5,57.0,loss,lean
2025,18,KC@LV,-8.6,-3.5,2.0,loss,strong,43.2,36.5,26.0,loss,strong
2025,18,MIA@NE,5.8,14.0,28.0,loss,strong,46.0,44.5,48.0,win,lean
2025,18,WAS@PHI,13.6,3.0,-7.0,loss,strong,47.9,38.5,41.0,win,strong
2025,18,BAL@PIT,-4.2,-4.5,2.0,no_bet,,46.6,41.5,50.0,win,strong
2026,1,NE@SEA,3.2,3.0,3.0,no_bet,,43.2,44.5,23.0,win,lean
2026,1,SF@LA,2.2,3.5,-20.0,win,lean,50.6,47.5,34.0,loss,strong
2026,1,CHI@CAR,-3.7,-3.0,-22.0,no_bet,,45.0,47.5,96.0,loss,strong
2026,1,TB@CIN,-2.9,3.5,6.0,loss,strong,49.4,50.5,60.0,loss,lean
2026,1,NO@DET,4.8,7.0,1.0,win,lean,44.7,49.5,61.0,loss,strong
2026,1,BUF@HOU,-5.7,-1.5,-5.0,win,strong,44.7,44.5,67.0,no_bet,
2026,1,BAL@IND,-5.6,-3.0,-18.0,win,strong,48.5,48.5,64.0,no_bet,
2026,1,CLE@JAX,9.7,8.5,24.0,win,lean,37.7,40.5,44.0,loss,strong
2026,1,ATL@PIT,2.0,6.5,7.0,loss,strong,44.9,40.5,33.0,loss,strong
2026,1,NYJ@TEN,4.4,1.5,-13.0,loss,strong,43.0,39.5,33.0,loss,strong
2026,1,ARI@LAC,10.7,8.5,-12.0,loss,lean,45.4,47.5,40.0,win,lean
2026,1,MIA@LV,-5.2,3.0,14.0,loss,strong,41.7,40.5,40.0,loss,lean
2026,1,GB@MIN,-1.6,1.5,17.0,loss,strong,43.2,46.5,61.0,loss,strong
2026,1,WAS@PHI,12.0,6.0,2.0,loss,strong,48.2,43.5,46.0,win,strong
2026,1,DAL@NYG,-2.1,-3.0,8.0,no_bet,,49.1,47.5,48.0,win,lean
2026,1,DEN@KC,-0.4,2.5,21.0,loss,strong,43.8,42.5,41.0,loss,lean
2026,2,DET@BUF,7.3,5.5,10.0,win,lean,52.0,54.5,72.0,loss,strong
